ACTIVACIÓN DEL SISTEMA DE EMERGENCIA (P.A.S) / PROTEGER:\n 1 - Protege a la víctima y a sí mismo o misma en situaciones de riesgo.\n AVISAR:\n 2 - Emergencias 112 o Servicio de Información Toxicológica 91 562 04 20.\n SOCORRER:\n 1 - Mantén la calma y reacciona rápidamente.\n 2 - Valoración inicia\n 2.1 - Confirma si está consciente. Si está inconsciente, llama\n 2.2 - Comprueba la respiración y el pulso. Si no tiene, haz las maniobras de reanimación que precise.\n 2.3 - Intervén rápidamente si tiene hemorragias graves.\n 3 - Valoración secundaria\n 3.1 - Revisa si tiene otras lesiones.\n 3.2 - Intenta tranquilizar a la víctima.\n 3.3 - Infórmale calmadamente de la situación.\n 3.4 - Trasládale en condiciones adecuadas.		
INGESTIÓN DE PRODUCTOS QUÍMICOS / \n1 - Pide ayuda medica (112). \n2 - Cubre a la persona para que no se enfríe. \n3 - Intenta reconocer el producto ingerido.\n
DERRAME DE PRODUCTOS QUÍMICOS SOBRE LA PIEL / \n1 - Lava la zona con abundante agua durante 15 minutos. \n2 - Si la zona perjudica es grande, usa la ducha. Bajo el agua, quita la ropa impregnada. \n3 - Quita todos los accesorios: relojes, pulseras, anillos… \n4 - Pide asistencia médica (112).\n
CONVULSIONES / \n1 - Mantén la calma y no sujetes a la persona afectada mientras convulsiona. \n2 - Túmbala en el suelo y retira todos los objetos con los que se pueda hacer daño. \n3 - Pon un pañuelo en los dientes para evitar que se muerda la lengua, evitando dificulte la respiración.\n
DESMAYOS / \n1 - Si la persona está consciente, túmbala boca arriba y levanta sus piernas.\nCORTES - \n1 - Lava la herida con agua. \n2 - Si es pequeña y no sangra, lava con agua y jabón y cúbrela con una gasa estéril. \n3 - Si es grande y no para de sangrar, cúbrela con gasas y presiona. \n4 - Busca ayuda médica (112).\n
QUEMADURAS / \n1 - Lava la zona con agua fría durante 10– 15 minutos. \n2 - Si es grave, pide atención médica inmediatamente. No uses pomadas ni cremas.\nINHALACIÓN DE PRODUCTOS QUÍMICOS - \n1 - Favorece que la persona esté en una zona ventilada o sácale al aire libre. \n2 - Pide asistencia médica. \n3 - Aflójale la ropa. \n4 - Si entra en parada respiratoria, realiza la reanimación cardiopulmonar. \n5 - Intenta identificar el vapor tóxico que ha inhalado.\n
SALPICADURAS EN LOS OJOS /  \n1 - Actúa rápidamente y lava los ojos con abundante agua, bajo chorro constante a baja presión. \n2 - Tapa el ojo con una gasa estéril y acude al médico.\n
REANIMACIÓN CARDIOPULMONAR (RCP) / \n1 - Pon la mano en su frente e inclina la cabeza hacia atrás. Si tiene sustancias en la boca, retíralas. \n1.1 - SI NO RESPIRA \nAunque ya no es obligatorio en esta maniobra, si lo ves necesario puedes realizar la respiración artificial (boca a boca) \n1.1.1 - Tapa los orificios de la nariz y coloca tu boca sobre la suya, mientras haces una respiración profunda. Observa si el tórax se eleva. \n1.1.2 - Retira la mano de la nariz y la boca para que salga el aire. \n1.1.3 - Repite la maniobra de 12 a 15 veces por minuto. \n1.2 - SI NO TIENE PULSO CAROTIDEO (lado del cuello) \nRealiza comprensiones torácicas (masaje cardiaco) \n1.2.1 - Coloca a la víctima boca arriba sobre una superficie plana y arrodíllate en posición lateral a ella. \n1.2.2 - Coloca el talón de la mano en la mitad inferior del esternón y pon la otra mano sobre ésta. \n1.2.3 - Presiona unos 4 cm para hundir el tórax. Suelta después. \n1.2.4 - Haz 30 comprensiones seguidas de 2 insuflaciones de 1 segundo. Repite el ritmo. \n2 - CUANDO RESPIRE ESPONTÁNEAMENTE \n1 - Coloca de lado a la persona.\n
ACTUACIÓN EN CASO DE ACCIDENTE DE TRÁFICO / \n1 - Siempre que presencies un accidente de tráfico, deberás actuar según el sistema de emergencia P.A.S. (PROTEGER, AVISAR Y SOCORRER): \n2 - PROTEGE LA ZONA PARA EVITAR CAUSAR MÁS RIESGOS \n2.1 - Pon las luces de emergencia o de situación. \n2.2 - Estaciona el coche en un lugar seguro, si es posible, fuera de la calzada. \n2.3 - No salgas del coche sin el chaleco de alta visibilidad. \n2.4 - Coloca los triángulos o conos de señalización para señalizar el accidente. \n2.5 - Si es posible, intenta colocar a los otros vehículos implicados fuera de la calzada. \n2.6 - Apaga las luces y quita las llaves del contacto de los otros vehículos. \n2.7 - No fumes ni enciendas fuego. \n2.8 - Asegúrate de poner a salvo a los heridos. \n2.9 - Mantente en un lugar seguro. \n3 - AVISAR \n3.1 - Pide ayuda al 112 e informa de la situación del accidente (punto kilométrico, localidad, si hay heridos o sustancias peligrosas, etc.) \n4 - SOCORRER \n5 - EN NINGÚN CASO DEBERÁS - \n5.1 - Mover al herido, a no ser que esté en zona peligrosa. \n5.2 - Quitar el casco a un motorista. \n5.3 - Arriesgar la propia vida, accediendo en vehículos incendiados o lugares peligrosos. \n5.4 - Quedarte en el lugar del accidente si no necesitan tu colaboración. \n
ACTUACIÓN ANTE AVISO DE BOMBA / \n1 - Mantén la calma y atiende la llamada de forma natural. \n2 - Presta atención a los detalles y toma nota del mensaje lo más textual posible. \n3 - Intenta descubrir si la llamada se hace desde un teléfono público o privado, o si es urbana o interurbana. \n4 - Presta atención a la voz y ver si es hombre o mujer, o si está distorsionándola. \n5 - Intenta que repita el mensaje, aludiendo a problemas de interferencia o audición, y comprueba que coincide con tus notas. \n6 - Anota la hora y duración de la llamada. \n7 - Llama inmediatamente al Jefe de Emergencia.Se encargará de avisar a las Fuerzas de Seguridad del Estado. \n8 - Evita toda acción que pueda llevar a cundir el pánico. \n9 - No abandones el puesto de trabajo hasta que den las órdenes.
